-- MySQL dump 10.13  Distrib 8.0.27, for Win64 (x86_64)
--
-- Host: localhost    Database: baza_db
-- ------------------------------------------------------
-- Server version	8.0.27

/*!40101 SET @OLD_CHARACTER_SET_CLIENT=@@CHARACTER_SET_CLIENT */;
/*!40101 SET @OLD_CHARACTER_SET_RESULTS=@@CHARACTER_SET_RESULTS */;
/*!40101 SET @OLD_COLLATION_CONNECTION=@@COLLATION_CONNECTION */;
/*!50503 SET NAMES utf8mb4 */;
/*!40103 SET @OLD_TIME_ZONE=@@TIME_ZONE */;
/*!40103 SET TIME_ZONE='+00:00' */;
/*!40014 SET @OLD_UNIQUE_CHECKS=@@UNIQUE_CHECKS, UNIQUE_CHECKS=0 */;
/*!40014 SET @OLD_FOREIGN_KEY_CHECKS=@@FOREIGN_KEY_CHECKS, FOREIGN_KEY_CHECKS=0 */;
/*!40101 SET @OLD_SQL_MODE=@@SQL_MODE, SQL_MODE='NO_AUTO_VALUE_ON_ZERO' */;
/*!40111 SET @OLD_SQL_NOTES=@@SQL_NOTES, SQL_NOTES=0 */;

--
-- Table structure for table `avtorizacia`
--

DROP TABLE IF EXISTS `avtorizacia`;
/*!40101 SET @saved_cs_client     = @@character_set_client */;
/*!50503 SET character_set_client = utf8mb4 */;
CREATE TABLE `avtorizacia` (
  `id_user` int NOT NULL AUTO_INCREMENT,
  `login` varchar(10) NOT NULL,
  `password` varchar(10) NOT NULL,
  PRIMARY KEY (`id_user`)
) ENGINE=InnoDB AUTO_INCREMENT=3 DEFAULT CHARSET=utf8mb4 COLLATE=utf8mb4_0900_ai_ci;
/*!40101 SET character_set_client = @saved_cs_client */;

--
-- Dumping data for table `avtorizacia`
--

LOCK TABLES `avtorizacia` WRITE;
/*!40000 ALTER TABLE `avtorizacia` DISABLE KEYS */;
INSERT INTO `avtorizacia` VALUES (1,'111','111'),(2,'333','333');
/*!40000 ALTER TABLE `avtorizacia` ENABLE KEYS */;
UNLOCK TABLES;

--
-- Table structure for table `klient`
--

DROP TABLE IF EXISTS `klient`;
/*!40101 SET @saved_cs_client     = @@character_set_client */;
/*!50503 SET character_set_client = utf8mb4 */;
CREATE TABLE `klient` (
  `id_klienta` int NOT NULL AUTO_INCREMENT,
  `naimenovanie_klienta` varchar(100) NOT NULL,
  `inn_klienta` varchar(12) NOT NULL,
  `Telefon` varchar(12) DEFAULT NULL,
  PRIMARY KEY (`id_klienta`),
  UNIQUE KEY `inn_klienta_UNIQUE` (`inn_klienta`)
) ENGINE=InnoDB AUTO_INCREMENT=31 DEFAULT CHARSET=utf8mb4 COLLATE=utf8mb4_0900_ai_ci;
/*!40101 SET character_set_client = @saved_cs_client */;

--
-- Dumping data for table `klient`
--

LOCK TABLES `klient` WRITE;
/*!40000 ALTER TABLE `klient` DISABLE KEYS */;
INSERT INTO `klient` VALUES (1,'ИП Тимофеева Милана Юрьевна','697837785537','+79601527389'),(2,'ИП Бутанаева Амина Арсеньевна','746330807359','+79131989281'),(3,'ИП Полякова Ольга Эмильевна','920443066537','+79619446589'),(4,'ИП Наумов Леонид Маратович','637337825215','+79452283157'),(5,'ИП Потапова Елизавета Матвеевна','901483516407','+79231722098'),(6,'ИП Мамонтова Антонина Вячеславовна','202220387521','+71254789635'),(7,'ИП Елисеева Эльвира Дмитриевна','462711814063','+79600061908'),(8,'ИП Носов Александр Владимирович','841114691706','+79619593406'),(9,'ИП Казайкина Людмила Мироновна','481971878292','+79603115796'),(10,'ИП Балакирева Милана Ивановна','546364150002','+79617317999'),(11,'ИП Рыбаков Виталий Станиславович','326270707307','+79236910744'),(12,'ИП Моисеев Владислав Ильич','296894306298','+79450455894'),(13,'ИП Дорофеева Милана Андреевна','722485492743','+79134176051'),(14,'ИП Данилова Ольга Семеновна','560213670026','+79601018304'),(15,'ИП Савельев Эдуард Демидович','565548432230','+79619990663'),(16,'ИП Ковалёва Инна Тимофеевна','449954954993','+79237257252'),(17,'ИП Маслова Диана Ринатовна','481993865507','+79459344747'),(18,'ИП Панфилов Анатолий Владиславович','758388362604','+79136208121'),(19,'ИП Цветков Георгий Егорович','266885398110','+79602781815'),(20,'ИП Силина Эвелина Робертовна','417365216739','+79613879559'),(21,'ИП Павлова Лидия Юрьевна','911667827399','+79237879288'),(22,'ИП Лобанова Амина Анатольевна','222582819623','+79452867604'),(23,'ИП Чернова Владислава Евгеньевна','469700119110','+79138694029'),(24,'ИП Панова Валентина Германовна','511099821333','+79454714177'),(25,'ИП Абрамова Анна Вячеславовна','140306511949','+79133894957'),(26,'ИП Пустовитова Инесса Викторовна','456985658974','+75458975458'),(27,'ИП Попова Наталья Леонидовна','458796235478','+72335647852'),(28,'ИП Алёшина Татьяна Федоровна','236889965411','+79335569845'),(29,'ИП Карташов Павел Дмитриевич','569874569856','+75632569875'),(30,'ИП Верхотуров Иннокентий Максимович','456555555555','+75555555555');
/*!40000 ALTER TABLE `klient` ENABLE KEYS */;
UNLOCK TABLES;

--
-- Table structure for table `oplata`
--

DROP TABLE IF EXISTS `oplata`;
/*!40101 SET @saved_cs_client     = @@character_set_client */;
/*!50503 SET character_set_client = utf8mb4 */;
CREATE TABLE `oplata` (
  `id_dokumenta` int NOT NULL AUTO_INCREMENT,
  `klient_id` int NOT NULL,
  `data_oplaty` date DEFAULT NULL,
  `summa_oplaty` decimal(10,2) DEFAULT NULL,
  PRIMARY KEY (`id_dokumenta`),
  KEY `fk_Oplata_Klient` (`klient_id`),
  CONSTRAINT `fk_Oplata_Klient` FOREIGN KEY (`klient_id`) REFERENCES `klient` (`id_klienta`)
) ENGINE=InnoDB AUTO_INCREMENT=22 DEFAULT CHARSET=utf8mb4 COLLATE=utf8mb4_0900_ai_ci;
/*!40101 SET character_set_client = @saved_cs_client */;

--
-- Dumping data for table `oplata`
--

LOCK TABLES `oplata` WRITE;
/*!40000 ALTER TABLE `oplata` DISABLE KEYS */;
INSERT INTO `oplata` VALUES (1,1,'2022-12-03',18498.50),(2,2,'2022-12-04',50360.00),(3,3,'2022-12-04',1461.00),(4,1,'2022-12-04',4499.50),(5,2,'2022-12-04',2249.75),(6,14,'2022-12-06',6917.60),(7,9,'2022-12-06',2249.75),(8,23,'2022-12-06',99.00),(9,23,'2022-12-06',9801.00),(10,15,'2022-12-06',650.00),(11,6,'2022-12-06',9500.00),(12,7,'2022-12-06',6499.00),(13,7,'2022-12-06',1250.00),(14,18,'2022-12-06',7931.46),(15,8,'2022-12-06',2213.73),(16,8,'2022-12-06',953.70),(19,13,'2022-12-06',294.00),(20,19,'2022-12-06',4649.70),(21,3,'2022-12-06',2000.00);
/*!40000 ALTER TABLE `oplata` ENABLE KEYS */;
UNLOCK TABLES;

--
-- Table structure for table `sklad`
--

DROP TABLE IF EXISTS `sklad`;
/*!40101 SET @saved_cs_client     = @@character_set_client */;
/*!50503 SET character_set_client = utf8mb4 */;
CREATE TABLE `sklad` (
  `id_sklada` int NOT NULL AUTO_INCREMENT,
  `naimenovanie_sklada` varchar(100) NOT NULL,
  `fio_zavsklada` varchar(50) NOT NULL,
  `telefon` varchar(12) NOT NULL,
  PRIMARY KEY (`id_sklada`)
) ENGINE=InnoDB AUTO_INCREMENT=7 DEFAULT CHARSET=utf8mb4 COLLATE=utf8mb4_0900_ai_ci;
/*!40101 SET character_set_client = @saved_cs_client */;

--
-- Dumping data for table `sklad`
--

LOCK TABLES `sklad` WRITE;
/*!40000 ALTER TABLE `sklad` DISABLE KEYS */;
INSERT INTO `sklad` VALUES (1,'1 склад - Фрукты и овощи','Иванова Ольга Викторовна','+79604458620'),(2,'2 склад - Молочная продукция','Петров Валерий Дмитриевич','+75648756321'),(3,'3 склад - Колбасы','Мамышева Галина Андреевна','+75469365265'),(4,'4 склад - Рыба','Самойлова Наталья Иннокентьевна','+72365637899'),(5,'5 склад - Бакалея','Орлова Лариса Витальевна','+79336522145'),(6,'6 склад - Быт. химия','Чучалина Елена Ивановна','+72336547455');
/*!40000 ALTER TABLE `sklad` ENABLE KEYS */;
UNLOCK TABLES;

--
-- Table structure for table `tovar`
--

DROP TABLE IF EXISTS `tovar`;
/*!40101 SET @saved_cs_client     = @@character_set_client */;
/*!50503 SET character_set_client = utf8mb4 */;
CREATE TABLE `tovar` (
  `id_tovara` int NOT NULL AUTO_INCREMENT,
  `naimenovanie_tovara` varchar(100) NOT NULL,
  `ed_izmer_tov` varchar(10) NOT NULL,
  `stoim_ed_tov` decimal(10,2) NOT NULL,
  PRIMARY KEY (`id_tovara`)
) ENGINE=InnoDB AUTO_INCREMENT=265 DEFAULT CHARSET=utf8mb4 COLLATE=utf8mb4_0900_ai_ci;
/*!40101 SET character_set_client = @saved_cs_client */;

--
-- Dumping data for table `tovar`
--

LOCK TABLES `tovar` WRITE;
/*!40000 ALTER TABLE `tovar` DISABLE KEYS */;
INSERT INTO `tovar` VALUES (1,'Авокадо','шт.',70.00),(2,'Апельсинв Египет','кг',124.99),(3,'Апельсинвы Марокко','кг',144.99),(4,'Апельсины Турция','кг',139.99),(5,'Арбуз','кг',24.99),(6,'Баклажаны','кг',164.99),(7,'Бананы Эквадор','кг',89.99),(8,'Бананы Турция','кг',99.99),(9,'Виноград Дамские пальчики ','кг',154.99),(10,'Виноград Кишь-Мишь','кг',119.99),(11,'Грейпфрут','кг',124.99),(12,'Груша Вильямс','кг',249.99),(13,'Груша Кноференц','кг',189.99),(14,'Груша Санта Мария','кг',219.99),(15,'Дыня Медовая','кг',45.99),(16,'Дыня колхозница','кг',62.99),(17,'Дяня Торпеда','кг',57.99),(18,'Кабачки','кг',32.99),(19,'Капуста белокачанная','кг',27.99),(20,'Капуста цветная','кг',83.99),(21,'Картофель Китай','кг',24.99),(22,'Картофель местный','кг',24.99),(23,'Лимон','кг',124.99),(24,'Лук репчатый','кг',43.99),(25,'Мандарины Китай','кг',134.99),(26,'Мандарины Марокко','кг',124.99),(27,'Мандарины Турция','кг',154.99),(28,'Морковь','кг',44.99),(29,'Огурцы грунтовые','кг',99.99),(30,'Огурцы тепличные','кг',81.99),(31,'Памело','кг',135.99),(32,'Свекла','кг',47.99),(33,'Томаты Азербайджан','кг',174.99),(34,'Томаты Ташкент','кг',154.99),(35,'Томаты тепличные','кг',99.99),(36,'Чеснок Китай','кг',270.99),(37,'Яблоки Айдаред','кг',175.99),(38,'Яблоки Голд','кг',181.99),(39,'Яблоки Медовые','кг',193.99),(40,'Яблоки Фу-ши','кг',183.99),(41,'Сыр Семенишна Витязь 45% 1 кг','кг',560.00),(42,'Сыр Семенишна Российский 45% 1 кг','кг',560.00),(43,'Сыр Семенишна Сметанковый 45% 1 кг','кг',560.00),(44,'Сыр Семенишна Сливочный 45% 1 кг','кг',560.00),(45,'Сыр Маасдам Белебский 40% 200 гр.','шт.',680.00),(46,'Сыр Belster Parmesan Белебский 40% 200 гр.','шт.',680.00),(47,'Сыр Российский Белебский 50% 200 гр.','шт.',680.00),(48,'Сыр Башкирский Белебский 50% 200 гр.','шт.',680.00),(49,'Сыр Купеческий Белебский 50% 200 гр.','шт.',680.00),(50,'Сыр Медовый Белебский 50% 200 гр.','шт.',680.00),(51,'Сыр Голландский Белебский 50% 200 гр.','шт.',680.00),(52,'Сыр Гауда Белебский 50% 200 гр.','шт.',680.00),(53,'Сыр Советский BELOGORE 45% 1 кг','кг',710.00),(54,'Сыр Алтайский BELOGORE 45% 1 кг','кг',710.00),(55,'Сыр Горный BELOGORE 45% 1 кг','кг',710.00),(56,'Творог Алтайская Буренка обезжир. 0% 250 гр.','шт.',70.00),(57,'Творог Алтайская Буренка обезжир. 3% 250 гр.','шт.',75.00),(58,'Творог Алтайская Буренка обезжир. 7% 250 гр.','шт.',80.00),(59,'Творог Алтайская Буренка обезжир. 0% 500 гр.','шт.',135.00),(60,'Творог Алтайская Буренка обезжир. 3% 500 гр.','шт.',140.00),(61,'Творог Алтайская Буренка обезжир. 7% 500 гр.','шт.',175.00),(62,'Творог Простоквашино обезжир. 0% 250 гр.','шт.',70.00),(63,'Творог Простоквашино обезжир. 3% 250 гр.','шт.',75.00),(64,'Творог Простоквашино обезжир. 7% 250 гр.','шт.',80.00),(65,'Творог Простоквашино обезжир. 0% 500 гр.','шт.',135.00),(66,'Творог Простоквашино обезжир. 3% 500 гр.','шт.',140.00),(67,'Творог Простоквашино обезжир. 7% 500 гр.','шт.',175.00),(68,'Творог Семенишна обезжир. 0% 250 гр.','шт.',70.00),(69,'Творог Семенишна обезжир. 3% 250 гр.','шт.',75.00),(70,'Творог Семенишна обезжир. 7% 250 гр.','шт.',80.00),(71,'Творог Семенишна обезжир. 0% 500 гр.','шт.',135.00),(72,'Творог Семенишна обезжир. 3% 500 гр.','шт.',140.00),(73,'Творог Семенишна обезжир. 7% 500 гр.','шт.',175.00),(74,'Сметана Алтайская Буренка 10% 200 мл','шт.',45.00),(75,'Сметана Алтайская Буренка 20% 200 мл','шт.',50.00),(76,'Сметана Алтайская Буренка 30% 200 мл','шт.',55.00),(77,'Сметана Алтайская Буренка 10% 300 мл','шт.',75.00),(78,'Сметана Алтайская Буренка 20% 300 мл','шт.',80.00),(79,'Сметана Алтайская Буренка 30% 300 мл','шт.',85.00),(80,'Сметана Семенишна 10% 200 мл','шт.',45.00),(81,'Сметана Семенишна 20% 200 мл','шт.',50.00),(82,'Сметана Семенишна 30% 200 мл','шт.',55.00),(83,'Сметана Семенишна 10% 300 мл','шт.',75.00),(84,'Сметана Семенишна 20% 300 мл','шт.',80.00),(85,'Сметана Семенишна 30% 300 мл','шт.',85.00),(86,'Сметана Простоквашино 10% 200 мл','шт.',45.00),(87,'Сметана Простоквашино 20% 200 мл','шт.',50.00),(88,'Сметана Простоквашино 30% 200 мл','шт.',55.00),(89,'Сметана Простоквашино 10% 300 мл','шт.',75.00),(90,'Сметана Простоквашино 20% 300 мл','шт.',80.00),(91,'Сметана Простоквашино 30% 300 мл','шт.',85.00),(92,'Кефир Алтайская Буренка 2,7% 930 мл','шт.',65.00),(93,'Кефир Алтайская Буренка 3,2% 930 мл','шт.',72.00),(94,'Кефир Семенишна 2,7% 970 мл','шт.',65.00),(95,'Кефир Семенишна 3,2% 970 мл','шт.',72.00),(96,'Кефир Простоквашино 2,7% 970 мл','шт.',65.00),(97,'Кефир Простоквашино 3,2% 970 мл','шт.',72.00),(98,'Молоко Алтайская Буренка 2,7% 930 мл','шт.',67.00),(99,'Молоко Алтайская Буренка 3,2% 930 мл','шт.',72.00),(100,'Молоко Семенишна 2,7% 970 мл','шт.',67.00),(101,'Молоко Семенишна 3,2% 970 мл','шт.',72.00),(102,'Молоко Простоквашино 2,7% 970 мл','шт.',67.00),(103,'Молоко Простоквашино 3,2% 970 мл','шт.',72.00),(104,'Колбаса Краковская п/к Омский бекон 1 кг','кг',520.00),(105,'Колбаса Домашняя в/к Омский бекон 1 кг','кг',470.00),(106,'Колбаса Докторская вар. Омский бекон 1 кг','кг',370.00),(107,'Колбаса Сливочная вар Омский бекон 1 кг','кг',370.00),(108,'Сосиски Сливочные Омский бекон 1 кг','кг',420.00),(109,'Сосиски Охотничьи в/к Омский бекон 1 кг','кг',470.00),(110,'Колбаса Краковская п/к Рубикон 1 кг','кг',520.00),(111,'Колбаса Домашняя в/к Рубикон 1 кг','кг',470.00),(112,'Колбаса Докторская вар. Рубикон 1 кг','кг',370.00),(113,'Колбаса Сливочная вар Рубикон 1 кг','кг',370.00),(114,'Сосиски Сливочные Рубикон 1 кг','кг',420.00),(115,'Сосиски Охотничьи в/к Омский бекон 1 кг','кг',470.00),(116,'Колбаса Краковская п/к Расколбас 1 кг','кг',520.00),(117,'Колбаса Домашняя в/к Расколбас 1 кг','кг',470.00),(118,'Колбаса Докторская вар. Расколбас 1 кг','кг',370.00),(119,'Колбаса Сливочная вар Расколбас 1 кг','кг',370.00),(120,'Сосиски Сливочные Расколбас 1 кг','кг',420.00),(121,'Сосиски Охотничьи в/к Расколбас 1 кг','кг',470.00),(122,'Шпикачики домашние Расколбас 1 кг','кг',470.00),(123,'Бекон в/к Расколбас 1 кг','кг',470.00),(124,'Колбаса Чесночная в/к Расколбас 1 кг','кг',370.00),(125,'Колбаса Куриная в/к Расколбас 1 кг','кг',370.00),(126,'Ветчина куриная вар Расколбас 1 кг','кг',475.00),(127,'Сервелат Швейцарский в/к Расколбас 1 кг','кг',670.00),(128,'Сервелат Австрийский в/к Расколбас 1 кг','кг',720.00),(129,'Форель балык копч. 1кг','кг',1200.00),(130,'Форель малосольная 1кг','кг',990.00),(131,'Кета балык копч. 1кг','кг',1200.00),(132,'Кета малосольная 1кг','кг',990.00),(133,'Семга балык копч. 1кг','кг',1500.00),(134,'Семга малосольная 1кг','кг',1350.00),(135,'Минтай заморож. 1кг','кг',150.00),(136,'Сельдь Тихоокеанская заморож. 1кг','кг',170.00),(137,'Сельдь Атлантическая заморож. 1кг','кг',210.00),(138,'Мойва Тихоокеанская заморож. 1кг','кг',150.00),(139,'Терпуг заморож. 1кг','кг',270.00),(140,'Сайра заморож. 1кг','кг',180.00),(141,'Камбала Мария','кг',195.00),(142,'Прессервы рыбные в ассрт. 200 гр.','шт.',150.00),(143,'Аромаки 200 гр.','кг',170.00),(144,'Лапша короткая Алейск 1/5/25','кг',38.50),(145,'Ракушки средние Алейск 1 кг','кг',38.50),(146,'Лапша короткая Алейск 1/20','кг',37.50),(147,'Ракушки крупные Алейск 1 кг','кг',37.50),(148,'Рожки витые Алейск 1 кг','кг',37.50),(149,'Вермишель Любительская ?1 Мельник 1/5/35','кг',40.60),(150,'Рожки (трубка) Мельник 1 кг','кг',39.10),(151,'Спагетти Мельник 1/5кг','кг',40.00),(152,'Вермишель Любительская Мельник 1 кг','кг',39.60),(153,'Вермишель Тонкая Мельник 1 кг','кг',37.60),(154,'Рожки (Спираль) Мельник 1 кг ','кг',37.60),(155,'Доширак лапша т/ч (Говядина) 90г * 24','шт.',47.50),(156,'Доширак лапша т/ч (Курица) 90г*24','шт.',47.50),(157,'Роллтон Лапша яичная классическая 400г/10шт.','шт.',81.80),(158,'Алейск Мука 1 сорт 1/10/50 Гост','кг',26.50),(159,'Алейск Мука в/с 1/5/50 Гост','кг',35.00),(160,'Алейск Мука в/с 1/10/50 Гост','кг',32.90),(161,'Алейск Мука в/с 1/25 Гост.','кг',29.40),(162,'Алейск Мука в/с 1/50 Гост ,','кг',28.90),(163,'Алейск Мука в/с 1кг 1/8шт.','шт.',34.30),(164,'Алейск Мука в/с 2кг 1/4шт.','шт.',65.00),(165,'Алейск Мука в/с 3кг 1/3шт.','шт.',104.50),(166,'Мельник Мука в/с 1/10/50 ГОСТ г. Рубцовск','кг',33.20),(167,'Мельник Мука в/с 1/25кг ГОСТ г. Рубцовск','кг',31.20),(168,'Мельник Мука в/с 1/5/50 ГОСТ г.Рубцовск','кг',35.80),(169,'Мельник Мука в/с 1/50 ГОСТ г.Рубцовск','кг',30.70),(170,'Мельник Мука в/с 1кг 1/10шт. ГОСТ г. Рубцовск','шт.',32.80),(171,'Мельник Мука в/с 2кг 1/6шт. ГОСТ г. Рубцовск','шт.',72.56),(172,'Мука 1с 1/50кг ГОСТ 26574-2017 Минусинск с.Тесь','кг',25.50),(173,'Мука 2с 1/50кг ГОСТ 26574-2017 Минусинск с.Тесь','кг',25.50),(174,'Мука в/с 1/50кг ГОСТ 26574-2017 Минусинск с.Тесь','кг',27.50),(175,'Минусинск с.Тесь Мука ржаная ГОСТ 52809-2007 1/50 кг','кг',21.00),(176,'Южно-Сиб. Зерновой Комплекс Мука в/с 1/50 ГОСТ','кг',27.50),(177,'Южно-Сиб.Зерновой Комплекс Мука 1 сорт 1/50 ГОСТ','кг',26.00),(178,'Сахар - песок 1/5 кг','кг',60.40),(179,'Сахар - песок 1/50 кг','кг',55.60),(180,'Сахар рафинад Русский 0.5 кг 1/40(Н)','шт.',58.00),(181,'Сахар рафинад Русский 1 кг 1/20','шт.',104.20),(182,'Соль 1с.2п вес. 1/50 Тыреть','кг',12.90),(183,'Соль 1с.2п. 5кг 1/50 (Тыреть)','кг',14.20),(184,'Соль в/с 1пом. фас. 1/20 Тыреть','кг',13.70),(185,'Соль в/с 1пом. фас. йод 1/20 Тыреть','кг',13.90),(186,'Соль Лизунец 5/10/50 Тыреть','кг',13.00),(187,'Соль Сибирская 1с. 1п. фас. 1кг 1/12кг','кг',19.30),(188,'Соль Сибирская 1с. крупн.пом. 3кг 1/15','кг',20.50),(189,'Соль Экстра 1/25 пакет \"Усольская\" (Усол-Сиб)','кг',20.20),(190,'Соль Экстра фас. Йод 1кг ОАО \"Мозырьсоль\"1/12кг (короб) Беларусь','кг',24.80),(191,'Соль Экстра фас.1кг ОАО \"Мозырьсоль\"1/12кг (короб) Беларусь','кг',24.50),(192,'Булгур \"Агромастер\" 0.750кг 1/10шт.','шт.',102.10),(193,'Геркулес Хлопья овсяные \"Агромастер\" 0.4кг 1/10','шт.',24.20),(194,'Геркулес Хлопья овсяные \"Тесинская Долина\" 0.4кг 1/12шт. ГОСТ','шт.',19.40),(195,'Горох колотый крупа \"Агромастер\" 0.8кг 1/10','шт.',43.50),(196,'Гречневая крупа в/с \"Тесинская Долина\" 0.8кг 1/12шт. ГОСТ','шт.',62.00),(197,'Кукурузная крупа \"Агромастер\" 0.7кг 1/10','шт.',43.70),(198,'Кускус \"Националь\" 0.450 кг 1/6','шт.',128.50),(199,'Манная крупа \"Агромастер\" 0.7кг 1/10','шт.',40.00),(200,'Нут \"Националь\" 0.450 кг 1/6','шт.',91.50),(201,'Перловая крупа \"Агромастер\" 0.8 кг 1/10','шт.',44.00),(202,'Перловая крупа \"Тесинская Долина\" 0.8кг 1/12шт. ГОСТ','шт.',26.90),(203,'Пшеничная крупа 0.7кг Агромастер 1/10шт.','шт.',68.80),(204,'Пшено крупа \"Агромастер\" 0,8кг 1/10','шт.',46.00),(205,'Рис Краснодарский круглый крупа \"Агромастер\" 0.8кг 1/10','шт.',82.50),(206,'Рис пропаренный крупа \"Агромастер\" 0.8кг 1/10','шт.',106.00),(207,'Фасоль красная \"Агромастер\" 0.7кг 1/10','шт.',107.20),(208,'Ячневая крупа \"Тесинская Долина\" 0.8кг 1/12шт. ГОСТ 5784-60','шт.',25.80),(209,'Горох колотый 1/5кг','кг',30.60),(210,'Горох колотый 1/10кг','кг',29.40),(211,'Горох колотый 1/50 \"Южно-Сиб.Зерновой Комплекс\" г.Минусинск\"','кг',27.00),(212,'Горох колотый 1/50 кг ИП Безматерных О.С.','кг',27.00),(213,'Гречневая крупа 1/5 кг','кг',63.10),(214,'Гречневая крупа 1/10 кг','кг',61.90),(215,'Гречневая крупа 1/25 кг','кг',61.10),(216,'Гречневая крупа 1/50 кг \"Южно-Сиб.Зерновой Комплекс\" г.Минусинск','кг',59.50),(217,'Кукурузная крупа 1/5 кг','кг',49.60),(218,'Кукурузная крупа 1/10 кг','кг',48.40),(219,'Кукурузная крупа 1/25 кг \"Агро-продукт\" Краснодар.край.','кг',41.00),(220,'Манная крупа 1/5 кг','кг',35.40),(221,'Манная крупа 1/10 кг','кг',34.20),(222,'Манная крупа 1/25 кг','кг',33.40),(223,'Манная крупа 1/50 кг АО \"Алейскзернопродукт\" им.С.Н.Старовойтова','кг',29.00),(224,'Перловая крупа 1/5 кг','кг',28.90),(225,'Перловая крупа ГОСТ 1/10 кг Минусинск','кг',23.40),(226,'Перловая крупа ГОСТ 1/50 кг \"Южно-Сибирский Зерновой Комплекс\" г.Минусинск','кг',21.00),(227,'Перловая крупа ГОСТ 1/50 кг с.Тесь','кг',21.00),(228,'Пшеничная дробл. крупа 1/5 кг','кг',25.10),(229,'Пшеничная дробл. крупа 1/10 кг','кг',23.90),(230,'Пшеничная дробл. крупа 1/50 кг \"Южно-Сибирский Зерновой Комплекс\" г.Минусинск','кг',21.50),(231,'Пшено 1/3 кг','кг',42.10),(232,'Пшено 1/5 кг','кг',41.30),(233,'Пшено 1/10 кг','кг',40.40),(234,'Пшено 1/25 кг','кг',39.60),(235,'Пшено 1сорт 1/50 кг\"Агрофирма \"Рубеж\" Саратовская обл.','кг',36.20),(236,'Рис длинный 1/3 кг','кг',82.10),(237,'Рис длинный 1/10 кг','кг',80.40),(238,'Рис Краснодарский 1/5 кг','кг',74.40),(239,'Рис Краснодарский 1/10 кг','кг',73.60),(240,'Рис Краснодарский др. 1/25 кг ТУ ООО ППСП \"НИРИС\" Краснодарский край','кг',72.00),(241,'Рис пропаренный 1/5 кг','кг',78.10),(242,'Рис пропаренный 1/10 кг','кг',76.90),(243,'Рис пропаренный 1/25 кг Индия \" SRI SAI NATH AGRI\"','кг',74.50),(244,'Хлопья овсянные геркулес 1/5 кг','кг',29.10),(245,'Хлопья овсянные геркулес 1/35 кг с. Тесь','кг',25.50),(246,'Ячневая крупа 1/5 кг','кг',24.60),(247,'Ячневая крупа 1/10 кг','кг',23.40),(248,'Ячневая крупа 1/50 кг \"Южно-Сиб.Зерновой Комплекс\" г.Минусинск','кг',21.00),(249,'Отруби пшеничные пищевые ГОСТ7169-2017 1/25 кг','кг',10.90),(250,'Масло сливочное Прсотоквашино 72,5% 180г','шт.',150.00),(251,'Масло сливочное Семенишна 72,5% 180г','шт.',150.00),(252,'Масло растительное Идеал 1 л','шт.',125.00),(253,'Сок Мультифрукт Любимый сад 1 л','шт.',110.00),(254,'Шпикачики Пражские в/с ГОСТ  Дымов 1 кг','кг',320.00),(255,'Сок Томатный Любимый сад 1л ','шт.',75.00),(256,'Инжир свежий 1 шт. Турция','кг',210.00),(257,'Ананасы Турция 1 кг','кг',210.00),(258,'Финики 1 кг Турция','кг',275.00),(259,'Орехи грецкие очищенные 1 кг','кг',275.00),(260,'Конфеты шоколадные Белочка 1 кг Ротфронт','кг',275.00),(261,'Черешня 1 кг Узбекистан','кг',170.00),(262,'Лук зелёный 1 кг ','кг',295.00),(263,'Рис для плова в/с 700 гр. Увелка','шт.',75.00),(264,'Колбаса Домашняя в/с 1 кг Дымов','шт.',70.00);
/*!40000 ALTER TABLE `tovar` ENABLE KEYS */;
UNLOCK TABLES;

--
-- Table structure for table `tovar_sklad`
--

DROP TABLE IF EXISTS `tovar_sklad`;
/*!40101 SET @saved_cs_client     = @@character_set_client */;
/*!50503 SET character_set_client = utf8mb4 */;
CREATE TABLE `tovar_sklad` (
  `id_tovar_sklad` int NOT NULL AUTO_INCREMENT,
  `sklad_id` int NOT NULL,
  `tovar_id` int NOT NULL,
  PRIMARY KEY (`id_tovar_sklad`),
  KEY `fk_Tovar_sklad_Sklad` (`sklad_id`),
  KEY `fk_Tovar_sklad_Tovar` (`tovar_id`),
  CONSTRAINT `fk_Tovar_sklad_Sklad` FOREIGN KEY (`sklad_id`) REFERENCES `sklad` (`id_sklada`),
  CONSTRAINT `fk_Tovar_sklad_Tovar` FOREIGN KEY (`tovar_id`) REFERENCES `tovar` (`id_tovara`)
) ENGINE=InnoDB AUTO_INCREMENT=265 DEFAULT CHARSET=utf8mb4 COLLATE=utf8mb4_0900_ai_ci;
/*!40101 SET character_set_client = @saved_cs_client */;

--
-- Dumping data for table `tovar_sklad`
--

LOCK TABLES `tovar_sklad` WRITE;
/*!40000 ALTER TABLE `tovar_sklad` DISABLE KEYS */;
INSERT INTO `tovar_sklad` VALUES (1,1,1),(2,1,2),(3,1,3),(4,1,4),(5,1,5),(6,1,6),(7,1,7),(8,1,8),(9,1,9),(10,1,10),(11,1,11),(12,1,12),(13,1,13),(14,1,14),(15,1,15),(16,1,16),(17,1,17),(18,1,18),(19,1,19),(20,1,20),(21,1,21),(22,1,22),(23,1,23),(24,1,24),(25,1,25),(26,1,26),(27,1,27),(28,1,28),(29,1,29),(30,1,30),(31,1,31),(32,1,32),(33,1,33),(34,1,34),(35,1,35),(36,1,36),(37,1,37),(38,1,38),(39,1,39),(40,1,40),(41,2,41),(42,2,42),(43,2,43),(44,2,44),(45,2,45),(46,2,46),(47,2,47),(48,2,48),(49,2,49),(50,2,50),(51,2,51),(52,2,52),(53,2,53),(54,2,54),(55,2,55),(56,2,56),(57,2,57),(58,2,58),(59,2,59),(60,2,60),(61,2,61),(62,2,62),(63,2,63),(64,2,64),(65,2,65),(66,2,66),(67,2,67),(68,2,68),(69,2,69),(70,2,70),(71,2,71),(72,2,72),(73,2,73),(74,2,74),(75,2,75),(76,2,76),(77,2,77),(78,2,78),(79,2,79),(80,2,80),(81,2,81),(82,2,82),(83,2,83),(84,2,84),(85,2,85),(86,2,86),(87,2,87),(88,2,88),(89,2,89),(90,2,90),(91,2,91),(92,2,92),(93,2,93),(94,2,94),(95,2,95),(96,2,96),(97,2,97),(98,2,98),(99,2,99),(100,2,100),(101,2,101),(102,2,102),(103,2,103),(104,3,104),(105,3,105),(106,3,106),(107,3,107),(108,3,108),(109,3,109),(110,3,110),(111,3,111),(112,3,112),(113,3,113),(114,3,114),(115,3,115),(116,3,116),(117,3,117),(118,3,118),(119,3,119),(120,3,120),(121,3,121),(122,3,122),(123,3,123),(124,3,124),(125,3,125),(126,3,126),(127,3,127),(128,3,128),(129,4,129),(130,4,130),(131,4,131),(132,4,132),(133,4,133),(134,4,134),(135,4,135),(136,4,136),(137,4,137),(138,4,138),(139,4,139),(140,4,140),(141,4,141),(142,4,142),(143,4,143),(144,5,144),(145,5,145),(146,5,146),(147,5,147),(148,5,148),(149,5,149),(150,5,150),(151,5,151),(152,5,152),(153,5,153),(154,5,154),(155,5,155),(156,5,156),(157,5,157),(158,5,158),(159,5,159),(160,5,160),(161,5,161),(162,5,162),(163,5,163),(164,5,164),(165,5,165),(166,5,166),(167,5,167),(168,5,168),(169,5,169),(170,5,170),(171,5,171),(172,5,172),(173,5,173),(174,5,174),(175,5,175),(176,5,176),(177,5,177),(178,5,178),(179,5,179),(180,5,180),(181,5,181),(182,5,182),(183,5,183),(184,5,184),(185,5,185),(186,5,186),(187,5,187),(188,5,188),(189,5,189),(190,5,190),(191,5,191),(192,5,192),(193,5,193),(194,5,194),(195,5,195),(196,5,196),(197,5,197),(198,5,198),(199,5,199),(200,5,200),(201,5,201),(202,5,202),(203,5,203),(204,5,204),(205,5,205),(206,5,206),(207,5,207),(208,5,208),(209,5,209),(210,5,210),(211,5,211),(212,5,212),(213,5,213),(214,5,214),(215,5,215),(216,5,216),(217,5,217),(218,5,218),(219,5,219),(220,5,220),(221,5,221),(222,5,222),(223,5,223),(224,5,224),(225,5,225),(226,5,226),(227,5,227),(228,5,228),(229,5,229),(230,5,230),(231,5,231),(232,5,232),(233,5,233),(234,5,234),(235,5,235),(236,5,236),(237,5,237),(238,5,238),(239,5,239),(240,5,240),(241,5,241),(242,5,242),(243,5,243),(244,5,244),(245,5,245),(246,5,246),(247,5,247),(248,5,248),(249,5,249),(250,2,250),(251,2,251),(252,2,252),(253,5,253),(254,3,254),(255,5,255),(256,1,256),(257,1,257),(258,1,258),(259,1,259),(260,1,260),(261,1,261),(262,1,262),(263,5,263),(264,3,264);
/*!40000 ALTER TABLE `tovar_sklad` ENABLE KEYS */;
UNLOCK TABLES;

--
-- Table structure for table `zakaz`
--

DROP TABLE IF EXISTS `zakaz`;
/*!40101 SET @saved_cs_client     = @@character_set_client */;
/*!50503 SET character_set_client = utf8mb4 */;
CREATE TABLE `zakaz` (
  `id_zakaz` int NOT NULL AUTO_INCREMENT,
  `klient_id` int DEFAULT NULL,
  `data_zakaza` date DEFAULT NULL,
  `tovar_sklad_id` int DEFAULT NULL,
  `kolichestvo_tovara` decimal(6,2) DEFAULT NULL,
  `stoimost_zakaza` decimal(10,2) DEFAULT NULL,
  PRIMARY KEY (`id_zakaz`),
  KEY `fk_Zakaz_Klient` (`klient_id`),
  KEY `fk_Zakaz_Tovar_sklad` (`tovar_sklad_id`),
  CONSTRAINT `fk_Zakaz_Klient` FOREIGN KEY (`klient_id`) REFERENCES `klient` (`id_klienta`),
  CONSTRAINT `fk_Zakaz_Tovar_sklad` FOREIGN KEY (`tovar_sklad_id`) REFERENCES `tovar_sklad` (`id_tovar_sklad`)
) ENGINE=InnoDB AUTO_INCREMENT=32 DEFAULT CHARSET=utf8mb4 COLLATE=utf8mb4_0900_ai_ci;
/*!40101 SET character_set_client = @saved_cs_client */;

--
-- Dumping data for table `zakaz`
--

LOCK TABLES `zakaz` WRITE;
/*!40000 ALTER TABLE `zakaz` DISABLE KEYS */;
INSERT INTO `zakaz` VALUES (1,1,'2022-12-02',4,100.00,13999.00),(2,1,'2022-12-02',7,50.00,4499.50),(3,2,'2022-12-03',45,50.00,34000.00),(4,2,'2022-12-03',157,200.00,16360.00),(5,3,'2022-12-03',215,10.00,611.00),(6,3,'2022-12-03',85,10.00,850.00),(7,1,'2022-12-04',7,50.00,4499.50),(8,23,'2022-12-05',132,10.00,9900.00),(9,15,'2022-12-05',92,10.00,650.00),(10,13,'2022-12-05',161,10.00,294.00),(11,14,'2022-12-05',161,4.00,117.60),(12,9,'2022-12-05',7,25.00,2249.75),(13,2,'2022-12-05',7,25.00,2249.75),(14,19,'2022-12-05',9,30.00,4649.70),(15,7,'2022-12-05',4,25.00,3499.75),(16,6,'2022-12-05',126,20.00,9500.00),(17,14,'2022-12-03',47,10.00,6800.00),(18,7,'2022-12-06',10,25.00,2999.75),(19,7,'2022-12-06',22,50.00,1249.50),(20,18,'2022-12-06',12,25.00,6249.75),(21,18,'2022-12-06',17,29.00,1681.71),(22,8,'2022-12-06',30,27.00,2213.73),(23,8,'2022-12-06',224,33.00,953.70),(24,29,'2022-12-06',56,25.00,1750.00),(25,29,'2022-12-06',250,20.00,3000.00),(26,6,'2022-12-03',183,50.00,710.00),(27,4,'2022-12-06',126,25.00,11875.00),(28,4,'2022-12-06',117,15.00,7050.00),(29,4,'2022-12-06',214,25.00,1547.50),(30,3,'2022-12-07',15,100.00,4599.00),(31,3,'2022-12-03',85,100.00,8500.00);
/*!40000 ALTER TABLE `zakaz` ENABLE KEYS */;
UNLOCK TABLES;
/*!40103 SET TIME_ZONE=@OLD_TIME_ZONE */;

/*!40101 SET SQL_MODE=@OLD_SQL_MODE */;
/*!40014 SET FOREIGN_KEY_CHECKS=@OLD_FOREIGN_KEY_CHECKS */;
/*!40014 SET UNIQUE_CHECKS=@OLD_UNIQUE_CHECKS */;
/*!40101 SET CHARACTER_SET_CLIENT=@OLD_CHARACTER_SET_CLIENT */;
/*!40101 SET CHARACTER_SET_RESULTS=@OLD_CHARACTER_SET_RESULTS */;
/*!40101 SET COLLATION_CONNECTION=@OLD_COLLATION_CONNECTION */;
/*!40111 SET SQL_NOTES=@OLD_SQL_NOTES */;

-- Dump completed on 2022-12-08 10:56:41
